-- phpMyAdmin SQL Dump
-- version 4.9.0.1
-- https://www.phpmyadmin.net/
--
-- Gép: 127.0.0.1
-- Létrehozás ideje: 2024. Ápr 10. 08:33
-- Kiszolgáló verziója: 10.4.6-MariaDB
-- PHP verzió: 7.3.8

SET SQL_MODE = "NO_AUTO_VALUE_ON_ZERO";
SET AUTOCOMMIT = 0;
START TRANSACTION;
SET time_zone = "+00:00";


/*!40101 SET @OLD_CHARACTER_SET_CLIENT=@@CHARACTER_SET_CLIENT */;
/*!40101 SET @OLD_CHARACTER_SET_RESULTS=@@CHARACTER_SET_RESULTS */;
/*!40101 SET @OLD_COLLATION_CONNECTION=@@COLLATION_CONNECTION */;
/*!40101 SET NAMES utf8mb4 */;

--
-- Adatbázis: `autoberles_dt`
--

-- --------------------------------------------------------

--
-- Tábla szerkezet ehhez a táblához `autok`
--

CREATE TABLE `autok` (
  `id` int(11) NOT NULL,
  `rendszam` varchar(10) COLLATE utf8_hungarian_ci DEFAULT NULL,
  `szin` varchar(100) COLLATE utf8_hungarian_ci DEFAULT NULL,
  `nev` varchar(255) COLLATE utf8_hungarian_ci DEFAULT NULL,
  `evjarat` int(4) DEFAULT NULL,
  `ar` decimal(10,2) DEFAULT NULL,
  `kategoriaId` int(11) NOT NULL DEFAULT 1
) ENGINE=InnoDB DEFAULT CHARSET=utf8 COLLATE=utf8_hungarian_ci;

--
-- A tábla adatainak kiíratása `autok`
--

INSERT INTO `autok` (`id`, `rendszam`, `szin`, `nev`, `evjarat`, `ar`, `kategoriaId`) VALUES
(1, 'OT42-99', 'Zöld', 'Trabant 601', 1972, '2500.00', 5),
(2, 'OT43-00', 'Piros', 'Trabant 601', 1970, '2500.00', 5),
(3, 'OT43-01', 'Piros', 'Trabant 601', 1972, '2500.00', 5),
(4, 'OT43-02', 'Szürke', 'Trabant 601', 1971, '3000.00', 5),
(5, 'OT43-03', 'Kék', 'DeLorean DMC-12', 1981, '12000.00', 4),
(6, 'OT43-04', 'Kék', 'DeLorean DMC-12', 1982, '12000.00', 4),
(7, 'OT43-05', 'Szürke', 'DeLorean DMC-12', 1982, '12000.00', 4),
(8, 'OT43-06', 'Szürke', 'DeLorean DMC-12', 1982, '12000.00', 4),
(9, 'OT43-07', 'Zöld', 'DeLorean DMC-12 Vissza a jövőbe karosszériával', 1982, '140000.00', 3),
(10, 'OT43-08', 'Piros', 'Moszkvics 408', 1965, '5000.00', 5),
(11, 'OT43-09', 'Szürke', 'Moszkvics 408', 1970, '5000.00', 5),
(12, 'OT43-10', 'Kék', 'Moszkvics 408', 1972, '5000.00', 5),
(13, 'OT43-11', 'Kék', 'Moszkvics 408', 1971, '5000.00', 5),
(14, 'OT43-12', 'Piros', 'Moszkvics 408 cupé', 1966, '5500.00', 3),
(15, 'OT43-13', 'Zöld', 'Cadillac Fleetwood Brougham', 1972, '15000.00', 2),
(16, 'OT43-14', 'Zöld', 'Cadillac Fleetwood Brougham', 1973, '15000.00', 2),
(17, 'OT43-15', 'Ezüst', 'Cadillac Fleetwood Brougham', 1972, '15000.00', 2),
(18, 'OT43-16', 'Kék', 'Ferrari Spider 1992', 1992, '18000.00', 4),
(19, 'OT43-17', 'Kék', 'Ferrari Spider 1992', 1992, '18000.00', 4),
(20, 'OT43-18', 'Ezüst', 'Ferrari Spider 1992 200LE', 1993, '20000.00', 3),
(21, 'OT43-19', 'Arany', '1970 Ford Mustang Boss 302', 1970, '20000.00', 3),
(22, 'OT43-20', 'Fekete', 'VAZ-2102 Zsiguli', 1966, '3000.00', 5),
(23, 'OT43-21', 'Piros', 'VAZ-2102 Zsiguli', 1968, '3000.00', 5),
(24, 'OT43-22', 'Piros', 'VAZ-2102 Zsiguli', 1970, '3000.00', 5),
(25, 'OT43-23', 'Zöld', 'VAZ-2102 Zsiguli', 1969, '3000.00', 5),
(26, 'OT43-24', 'Fekete', 'Aston Martin 1963 DB5', 1963, '12000.00', 4),
(27, 'OT43-25', 'Mauv', 'Aston Martin 1963 DB5', 1963, '12000.00', 4),
(28, 'OT43-26', 'Arany', 'Aston Martin 1963 DB5 James Bond Edition', 1964, '12000.00', 3),
(29, 'OT43-27', 'Szürke', ' Tatra 603', 1957, '9523.40', 6),
(30, 'OT43-28', 'Zöld', ' Tatra 603', 1957, '5000.00', 5),
(31, 'OT43-29', 'Piros', ' Tatra 603', 1958, '5000.00', 5),
(32, 'OT43-30', 'Piros', ' Tatra 603', 1960, '5000.00', 5),
(33, 'OT43-31', 'Arany', ' Tatra 603', 1960, '5000.00', 5),
(34, 'OT43-32', 'Zöld', 'Mercedes 230', 1940, '10000.00', 1),
(35, 'OT43-33', 'Zöld', 'Mercedes 230', 1938, '10000.00', 1),
(36, 'OT43-34', 'Zöld', 'Mercedes 230', 1940, '10000.00', 1),
(37, 'OT43-35', 'Ezüst', 'Lincoln Continental 1968', 1968, '8000.00', 2),
(38, 'OT43-36', 'Arany', 'Lincoln Continental 1968', 1968, '8000.00', 2),
(39, 'OT43-37', 'Szürke', 'Lincoln Continental 1968', 1968, '8000.00', 2),
(40, 'OT43-38', 'Szürke', 'Lincoln Continental 196 Ghost Busters Edition', 1968, '8000.00', 3),
(41, 'OT43-39', 'Piros', 'Jaguar XJ-6', 1983, '7000.00', 2),
(42, 'OT43-40', 'Ezüst', 'Jaguar XJ-6', 1990, '7000.00', 2),
(43, 'OT43-41', 'Red', 'Jaguar XJ-6', 1991, '7000.00', 2),
(44, 'OT43-42', 'Kék', 'Jaguar XJ-6', 1981, '7000.00', 2),
(45, 'OT43-43', 'Fekete', 'Chevrolet Camaro', 1966, '10000.00', 4),
(46, 'OT43-44', 'Piros', 'Chevrolet Camaro', 1966, '10000.00', 4),
(47, 'OT43-45', 'Kék', 'Lamborghini Diablo ', 1990, '12000.00', 4),
(48, 'OT43-46', 'Zöld', 'Lamborghini Diablo ', 1990, '12000.00', 4),
(49, 'OT43-47', 'Zöld', 'Pontiac Trans Firebird', 1970, '10000.00', 4),
(50, 'OT43-48', 'Piros', 'Pontiac Trans Firebird KITT Edition', 1978, '15000.00', 3);

-- --------------------------------------------------------

--
-- Tábla szerkezet ehhez a táblához `berlesek`
--

CREATE TABLE `berlesek` (
  `id` int(11) NOT NULL,
  `autoId` int(11) DEFAULT NULL,
  `mennyiseg` decimal(10,2) DEFAULT NULL,
  `biztositas` decimal(10,2) DEFAULT NULL,
  `datum` datetime NOT NULL
) ENGINE=InnoDB DEFAULT CHARSET=utf8 COLLATE=utf8_hungarian_ci;

--
-- A tábla adatainak kiíratása `berlesek`
--

INSERT INTO `berlesek` (`id`, `autoId`, `mennyiseg`, `biztositas`, `datum`) VALUES
(1, 36, '2.00', '96520.00', '2021-01-05 01:21:15'),
(2, 35, '9.00', '98369.00', '2021-01-13 03:10:34'),
(3, 21, '8.00', '87973.00', '2021-01-20 21:34:58'),
(4, 33, '9.00', '78999.00', '2021-01-08 17:42:47'),
(5, 24, '4.00', '45493.00', '2021-01-24 22:57:36'),
(6, 1, '7.00', '6655.00', '2021-01-07 15:08:17'),
(7, 40, '4.00', '60445.00', '2021-01-16 23:27:16'),
(8, 39, '3.00', '17677.00', '2021-01-03 21:45:00'),
(9, 18, '5.00', '78718.00', '2021-01-26 15:49:04'),
(10, 3, '3.00', '7715.00', '2021-01-29 23:48:40'),
(11, 14, '3.00', '85487.00', '2021-01-26 06:55:08'),
(12, 6, '2.00', '37761.00', '2021-01-25 21:38:24'),
(13, 39, '7.00', '50600.00', '2021-01-23 06:01:11'),
(14, 30, '1.00', '7459.00', '2021-01-16 15:52:02'),
(15, 9, '10.00', '58334.00', '2021-01-22 02:35:48'),
(16, 44, '10.00', '33742.00', '2021-01-19 23:12:52'),
(17, 38, '6.00', '93549.00', '2021-01-16 12:29:38'),
(18, 2, '7.00', '95347.00', '2021-01-29 14:44:05'),
(19, 3, '2.00', '40113.00', '2021-01-10 04:55:23'),
(20, 45, '4.00', '32648.00', '2021-01-11 10:45:26'),
(21, 44, '6.00', '88842.00', '2021-01-05 22:57:27'),
(22, 2, '6.00', '74556.00', '2021-01-20 23:32:13'),
(23, 22, '3.00', '92275.00', '2021-01-25 00:01:40'),
(24, 23, '9.00', '23614.00', '2021-01-08 22:15:32'),
(25, 46, '1.00', '27958.00', '2021-01-08 02:41:08'),
(26, 26, '1.00', '22691.00', '2021-01-01 20:49:44'),
(27, 20, '8.00', '71797.00', '2021-01-07 20:08:04'),
(28, 32, '8.00', '85062.00', '2021-01-04 20:40:28'),
(29, 42, '8.00', '60098.00', '2021-01-03 01:24:58'),
(30, 26, '3.00', '75344.00', '2021-01-19 18:51:23'),
(31, 43, '2.00', '93162.00', '2021-01-13 18:25:59'),
(32, 18, '2.00', '11846.00', '2021-01-04 04:27:50'),
(33, 1, '6.00', '51934.00', '2021-01-15 00:29:14'),
(34, 4, '10.00', '39904.00', '2021-01-21 06:20:23'),
(35, 21, '4.00', '7312.00', '2021-01-08 23:42:10'),
(36, 44, '3.00', '44296.00', '2021-01-16 15:27:33'),
(37, 47, '6.00', '45971.00', '2021-01-04 06:39:53'),
(38, 19, '3.00', '13516.00', '2021-01-25 12:39:58'),
(39, 22, '1.00', '24124.00', '2021-01-03 04:01:15'),
(40, 2, '2.00', '17790.00', '2021-01-05 12:51:48'),
(41, 31, '3.00', '37931.00', '2021-01-29 23:31:29'),
(42, 26, '7.00', '3795.00', '2021-01-09 22:45:07'),
(43, 37, '2.00', '51886.00', '2021-01-13 03:30:13'),
(44, 14, '4.00', '90732.00', '2021-01-03 19:21:44'),
(45, 12, '3.00', '17240.00', '2021-01-22 09:49:56'),
(46, 45, '4.00', '84210.00', '2021-01-18 08:58:26'),
(47, 24, '1.00', '2278.00', '2021-01-11 06:14:58'),
(48, 23, '3.00', '30374.00', '2021-01-29 11:33:52'),
(49, 39, '5.00', '65786.00', '2021-01-16 13:26:42'),
(50, 19, '7.00', '87049.00', '2021-01-10 13:33:48'),
(51, 12, '9.00', '94679.00', '2021-01-08 16:54:38'),
(52, 24, '9.00', '78849.00', '2021-01-01 18:01:59'),
(53, 32, '9.00', '65082.00', '2021-01-18 01:46:33'),
(54, 7, '6.00', '21316.00', '2021-01-12 16:14:42'),
(55, 39, '3.00', '37977.00', '2021-01-10 17:54:47'),
(56, 6, '2.00', '28045.00', '2021-01-17 00:32:24'),
(57, 9, '3.00', '36279.00', '2021-01-15 21:01:44'),
(58, 47, '5.00', '22611.00', '2021-01-25 23:08:49'),
(59, 49, '9.00', '4264.00', '2021-01-03 19:17:05'),
(60, 1, '1.00', '81620.00', '2021-01-01 13:21:27'),
(61, 12, '8.00', '35877.00', '2021-01-28 04:30:07'),
(62, 34, '2.00', '84644.00', '2021-01-14 16:38:56'),
(63, 25, '8.00', '49087.00', '2021-01-03 13:44:32'),
(64, 42, '3.00', '22990.00', '2021-01-28 08:08:23'),
(65, 48, '3.00', '59282.00', '2021-01-12 17:12:43'),
(66, 41, '10.00', '27656.00', '2021-01-18 15:27:44'),
(67, 33, '8.00', '12989.00', '2021-01-20 05:42:42'),
(68, 19, '9.00', '36566.00', '2021-01-29 06:18:51'),
(69, 16, '8.00', '56547.00', '2021-01-13 10:29:27'),
(70, 23, '4.00', '62823.00', '2021-01-24 04:59:40'),
(71, 24, '1.00', '91250.00', '2021-01-19 13:39:36'),
(72, 10, '6.00', '29709.00', '2021-01-02 14:56:57'),
(73, 27, '5.00', '45723.00', '2021-01-28 19:33:44'),
(74, 29, '2.00', '64236.00', '2021-01-03 14:37:49'),
(75, 46, '3.00', '74144.00', '2021-01-12 02:30:58'),
(76, 38, '7.00', '80726.00', '2021-01-08 13:02:40'),
(77, 7, '3.00', '15099.00', '2021-01-17 23:43:05'),
(78, 37, '10.00', '73256.00', '2021-01-29 17:27:28'),
(79, 14, '1.00', '83870.00', '2021-01-17 18:29:41'),
(80, 34, '6.00', '76706.00', '2021-01-05 09:38:57'),
(81, 20, '2.00', '79082.00', '2021-01-15 15:18:38'),
(82, 36, '9.00', '41221.00', '2021-01-30 06:22:51'),
(83, 49, '9.00', '90029.00', '2021-01-13 08:54:55'),
(84, 5, '10.00', '76625.00', '2021-01-19 08:41:20'),
(85, 4, '4.00', '51491.00', '2021-01-16 10:24:20'),
(86, 45, '5.00', '26557.00', '2021-01-21 23:42:38'),
(87, 15, '10.00', '93832.00', '2021-01-23 16:35:09'),
(88, 28, '6.00', '81140.00', '2021-01-05 23:41:06'),
(89, 43, '3.00', '99215.00', '2021-01-08 00:55:42'),
(90, 14, '6.00', '78764.00', '2021-01-30 20:40:09'),
(91, 48, '1.00', '75587.00', '2021-01-05 18:12:03'),
(92, 37, '6.00', '6397.00', '2021-01-06 12:14:13'),
(93, 22, '3.00', '43227.00', '2021-01-13 00:28:45'),
(94, 29, '7.00', '21715.00', '2021-01-29 06:56:08'),
(95, 21, '3.00', '97403.00', '2021-01-06 21:22:35'),
(96, 8, '10.00', '75768.00', '2021-01-02 13:38:41'),
(97, 46, '4.00', '92304.00', '2021-01-24 04:10:48'),
(98, 15, '8.00', '66300.00', '2021-01-09 14:18:11'),
(99, 35, '4.00', '89245.00', '2021-01-30 18:18:09'),
(100, 22, '1.00', '47876.00', '2021-01-30 19:53:46'),
(101, 40, '9.00', '66827.00', '2021-01-07 15:37:53'),
(102, 17, '8.00', '98763.00', '2021-01-24 15:07:39'),
(103, 18, '7.00', '3402.00', '2021-01-16 20:30:06'),
(104, 33, '1.00', '41746.00', '2021-01-04 09:54:09'),
(105, 25, '4.00', '4984.00', '2021-01-29 19:00:08'),
(106, 32, '10.00', '97210.00', '2021-01-28 13:13:57'),
(107, 36, '8.00', '8683.00', '2021-01-19 01:10:40'),
(108, 43, '2.00', '9556.00', '2021-01-30 07:30:10'),
(109, 40, '1.00', '21830.00', '2021-01-04 08:11:53'),
(110, 42, '6.00', '67910.00', '2021-01-14 01:54:09'),
(111, 9, '6.00', '74276.00', '2021-01-04 21:04:19'),
(112, 8, '8.00', '84601.00', '2021-01-13 18:28:43'),
(113, 4, '3.00', '54867.00', '2021-01-13 08:00:20'),
(114, 41, '8.00', '48908.00', '2021-01-09 00:48:54'),
(115, 13, '2.00', '16797.00', '2021-01-19 10:35:00'),
(116, 20, '2.00', '70937.00', '2021-01-01 22:49:51'),
(117, 17, '3.00', '49744.00', '2021-01-02 21:26:17'),
(118, 11, '10.00', '62943.00', '2021-01-10 06:08:19'),
(119, 7, '9.00', '13603.00', '2021-01-23 18:34:42'),
(120, 3, '6.00', '65507.00', '2021-01-17 19:58:20'),
(121, 28, '7.00', '11700.00', '2021-01-30 03:08:18'),
(122, 26, '5.00', '33739.00', '2021-01-23 04:03:48'),
(123, 26, '4.00', '72698.00', '2021-01-29 01:46:24'),
(124, 46, '6.00', '91081.00', '2021-01-28 05:25:10'),
(125, 41, '5.00', '60261.00', '2021-01-01 01:55:22'),
(126, 8, '4.00', '33798.00', '2021-01-23 22:29:38'),
(127, 30, '5.00', '17115.00', '2021-01-20 17:01:18'),
(128, 30, '4.00', '60058.00', '2021-01-29 00:32:45'),
(129, 7, '7.00', '21694.00', '2021-01-04 06:38:04'),
(130, 43, '9.00', '97641.00', '2021-01-18 22:09:03'),
(131, 31, '8.00', '34122.00', '2021-01-06 01:46:13'),
(132, 40, '1.00', '83602.00', '2021-01-03 14:37:00'),
(133, 25, '2.00', '29082.00', '2021-01-16 22:06:24'),
(134, 18, '2.00', '53220.00', '2021-01-06 02:31:08'),
(135, 28, '1.00', '16996.00', '2021-01-03 17:10:52'),
(136, 12, '1.00', '91202.00', '2021-01-02 19:46:41'),
(137, 9, '3.00', '24637.00', '2021-01-11 18:35:10'),
(138, 13, '1.00', '51586.00', '2021-01-17 00:33:12'),
(139, 37, '8.00', '254.00', '2021-01-20 02:47:39'),
(140, 5, '4.00', '20007.00', '2021-01-09 12:04:12'),
(141, 19, '2.00', '36641.00', '2021-01-17 07:52:21'),
(142, 6, '2.00', '91878.00', '2021-01-28 14:22:36'),
(143, 30, '1.00', '56314.00', '2021-01-14 11:40:38'),
(144, 34, '7.00', '81905.00', '2021-01-17 07:46:31'),
(145, 3, '2.00', '53560.00', '2021-01-24 23:52:12'),
(146, 28, '1.00', '8535.00', '2021-01-27 01:58:02'),
(147, 20, '9.00', '72125.00', '2021-01-18 02:20:18'),
(148, 10, '4.00', '47682.00', '2021-01-12 23:56:58'),
(149, 8, '4.00', '63659.00', '2021-01-29 15:17:40'),
(150, 11, '1.00', '50168.00', '2021-01-26 04:19:50'),
(151, 22, '6.00', '97229.00', '2021-01-16 09:53:15'),
(152, 6, '10.00', '21296.00', '2021-01-01 19:11:03'),
(153, 13, '2.00', '80019.00', '2021-01-02 10:54:47'),
(154, 29, '1.00', '17302.00', '2021-01-27 01:35:03'),
(155, 31, '1.00', '36771.00', '2021-01-18 10:04:15'),
(156, 4, '3.00', '23067.00', '2021-01-09 06:40:00'),
(157, 16, '9.00', '72844.00', '2021-01-24 12:32:29'),
(158, 40, '3.00', '37027.00', '2021-01-24 20:26:02'),
(159, 45, '2.00', '87828.00', '2021-01-05 13:28:07'),
(160, 27, '3.00', '507.00', '2021-01-01 04:12:56'),
(161, 48, '5.00', '65378.00', '2021-01-25 20:36:02'),
(162, 49, '1.00', '97047.00', '2021-01-30 18:15:32'),
(163, 17, '1.00', '10056.00', '2021-01-12 11:39:00'),
(164, 35, '2.00', '1698.00', '2021-01-10 01:00:54'),
(165, 8, '2.00', '98254.00', '2021-01-27 01:48:44'),
(166, 28, '5.00', '25805.00', '2021-01-12 03:54:13'),
(167, 33, '8.00', '88559.00', '2021-01-29 00:17:33'),
(168, 47, '1.00', '50786.00', '2021-01-03 08:19:43'),
(169, 48, '9.00', '35977.00', '2021-01-15 08:04:31'),
(170, 13, '5.00', '3329.00', '2021-01-06 19:08:59'),
(171, 29, '3.00', '51647.00', '2021-01-23 21:03:23'),
(172, 38, '2.00', '84900.00', '2021-01-04 06:25:53'),
(173, 19, '2.00', '88294.00', '2021-01-06 19:45:16'),
(174, 28, '7.00', '93987.00', '2021-01-20 20:54:58'),
(175, 21, '4.00', '6746.00', '2021-01-29 09:58:04'),
(176, 16, '2.00', '12690.00', '2021-01-07 07:33:02'),
(177, 45, '5.00', '79155.00', '2021-01-27 07:23:36'),
(178, 6, '4.00', '8381.00', '2021-01-19 02:12:40'),
(179, 25, '4.00', '49692.00', '2021-01-22 16:52:01'),
(180, 29, '8.00', '8349.00', '2021-01-08 18:39:18'),
(181, 44, '2.00', '42723.00', '2021-01-11 12:03:20'),
(182, 10, '10.00', '6861.00', '2021-01-30 22:13:35'),
(183, 36, '6.00', '66024.00', '2021-01-11 00:43:24'),
(184, 38, '9.00', '483.00', '2021-01-22 11:43:41'),
(185, 9, '1.00', '21886.00', '2021-01-21 21:27:54'),
(186, 10, '4.00', '97360.00', '2021-01-25 22:09:35'),
(187, 27, '8.00', '96664.00', '2021-01-14 02:54:19'),
(188, 24, '8.00', '78248.00', '2021-01-29 09:01:45'),
(189, 11, '3.00', '40424.00', '2021-01-07 14:58:42'),
(190, 45, '1.00', '78197.00', '2021-01-07 00:47:32'),
(191, 28, '1.00', '73619.00', '2021-01-17 00:28:45'),
(192, 22, '7.00', '55974.00', '2021-01-04 21:56:07'),
(193, 35, '2.00', '56934.00', '2021-01-26 16:16:43'),
(194, 30, '3.00', '4159.00', '2021-01-26 03:19:38'),
(195, 22, '3.00', '25739.00', '2021-01-22 19:37:08'),
(196, 26, '4.00', '18358.00', '2021-01-02 08:04:40'),
(197, 1, '10.00', '50466.00', '2021-01-21 07:25:42'),
(198, 13, '5.00', '20473.00', '2021-01-30 16:29:19'),
(199, 19, '1.00', '47433.00', '2021-01-03 12:15:15'),
(200, 37, '2.00', '75326.00', '2021-01-02 23:31:56'),
(201, 43, '2.00', '43089.00', '2021-01-11 13:42:55'),
(202, 43, '1.00', '29210.00', '2021-01-06 12:00:14'),
(203, 2, '5.00', '93074.00', '2021-01-14 21:31:39'),
(204, 30, '3.00', '13690.00', '2021-01-02 19:19:53'),
(205, 6, '1.00', '50938.00', '2021-01-22 23:06:59'),
(206, 10, '2.00', '39260.00', '2021-01-09 14:14:54'),
(207, 3, '3.00', '72719.00', '2021-01-27 02:02:24'),
(208, 47, '1.00', '66459.00', '2021-01-21 23:58:06'),
(209, 31, '1.00', '97779.00', '2021-01-22 18:16:38'),
(210, 25, '2.00', '11419.00', '2021-01-12 00:05:52'),
(211, 47, '3.00', '26063.00', '2021-01-12 16:56:13'),
(212, 17, '7.00', '32209.00', '2021-01-05 18:23:29'),
(213, 21, '2.00', '51814.00', '2021-01-01 14:58:12'),
(214, 43, '2.00', '90091.00', '2021-01-28 19:56:27'),
(215, 11, '5.00', '22812.00', '2021-01-01 17:06:08'),
(216, 31, '1.00', '7821.00', '2021-01-20 05:26:42'),
(217, 42, '2.00', '31092.00', '2021-01-11 23:13:21'),
(218, 19, '4.00', '13064.00', '2021-01-19 17:35:26'),
(219, 31, '1.00', '58396.00', '2021-01-17 13:09:12'),
(220, 27, '1.00', '7063.00', '2021-01-10 07:41:41'),
(221, 41, '2.00', '81804.00', '2021-01-28 16:34:58'),
(222, 17, '8.00', '36073.00', '2021-01-15 09:50:35'),
(223, 2, '2.00', '12223.00', '2021-01-02 18:06:06'),
(224, 39, '7.00', '95780.00', '2021-01-30 15:39:33'),
(225, 40, '6.00', '35940.00', '2021-01-30 20:52:02'),
(226, 42, '1.00', '71119.00', '2021-01-26 00:51:14'),
(227, 23, '4.00', '28947.00', '2021-01-19 06:18:57'),
(228, 45, '1.00', '33936.00', '2021-01-04 11:05:39'),
(229, 13, '4.00', '9539.00', '2021-01-23 21:54:41'),
(230, 31, '2.00', '62729.00', '2021-01-02 16:42:06'),
(231, 3, '3.00', '77326.00', '2021-01-03 09:27:51'),
(232, 27, '3.00', '9644.00', '2021-01-11 22:35:56'),
(233, 20, '2.00', '33000.00', '2021-01-29 22:25:00'),
(234, 44, '2.00', '23345.00', '2021-01-14 11:23:43'),
(235, 33, '2.00', '10252.00', '2021-01-02 12:19:15'),
(236, 14, '4.00', '15113.00', '2021-01-19 17:52:57'),
(237, 24, '1.00', '59003.00', '2021-01-12 11:44:06'),
(238, 13, '1.00', '29560.00', '2021-01-04 23:26:23'),
(239, 13, '1.00', '43096.00', '2021-01-21 20:29:00'),
(240, 36, '4.00', '48890.00', '2021-01-01 19:49:03'),
(241, 12, '2.00', '79773.00', '2021-01-19 02:10:54'),
(242, 35, '9.00', '94138.00', '2021-01-01 22:07:54'),
(243, 18, '6.00', '4195.00', '2021-01-08 02:27:32'),
(244, 4, '3.00', '2967.00', '2021-01-01 17:01:04'),
(245, 49, '1.00', '54071.00', '2021-01-02 20:07:13'),
(246, 43, '2.00', '94188.00', '2021-01-03 21:20:49'),
(247, 49, '4.00', '89996.00', '2021-01-26 05:49:32'),
(248, 5, '8.00', '77158.00', '2021-01-29 14:30:54'),
(249, 28, '2.00', '7470.00', '2021-01-01 03:21:15'),
(250, 5, '2.00', '892.00', '2021-01-07 15:16:11'),
(251, 30, '7.00', '77945.00', '2021-01-05 15:30:03'),
(252, 30, '2.00', '61360.00', '2021-01-12 02:26:02'),
(253, 24, '4.00', '96372.00', '2021-01-13 01:48:10'),
(254, 3, '1.00', '21880.00', '2021-01-12 21:47:11'),
(255, 14, '1.00', '27452.00', '2021-01-11 02:47:33'),
(256, 30, '1.00', '46581.00', '2021-01-15 15:28:06'),
(257, 3, '3.00', '65422.00', '2021-01-13 02:14:59'),
(258, 38, '2.00', '29707.00', '2021-01-01 22:19:36'),
(259, 5, '2.00', '47078.00', '2021-01-13 20:25:54'),
(260, 6, '1.00', '87455.00', '2021-01-16 16:25:28'),
(261, 7, '2.00', '73305.00', '2021-01-01 16:53:33'),
(262, 27, '1.00', '5031.00', '2021-01-26 14:33:11'),
(263, 11, '4.00', '62543.00', '2021-01-28 00:16:56'),
(264, 34, '10.00', '97174.00', '2021-01-28 05:44:13'),
(265, 6, '5.00', '42534.00', '2021-01-11 13:12:56'),
(266, 41, '9.00', '53519.00', '2021-01-30 09:46:39'),
(267, 16, '1.00', '92115.00', '2021-01-10 19:24:10'),
(268, 31, '1.00', '41992.00', '2021-01-21 03:10:37'),
(269, 1, '1.00', '7009.00', '2021-01-05 18:54:36'),
(270, 48, '1.00', '93493.00', '2021-01-24 06:23:50'),
(271, 16, '2.00', '17133.00', '2021-01-03 17:47:33'),
(272, 12, '1.00', '5991.00', '2021-01-07 12:12:44'),
(273, 15, '3.00', '7963.00', '2021-01-02 03:43:52'),
(274, 15, '3.00', '3048.00', '2021-01-19 02:21:16'),
(275, 19, '1.00', '75815.00', '2021-01-09 02:46:59'),
(276, 34, '1.00', '85836.00', '2021-01-25 09:50:58'),
(277, 46, '5.00', '94972.00', '2021-01-19 17:17:05'),
(278, 39, '1.00', '21246.00', '2021-01-15 09:15:39'),
(279, 49, '3.00', '95766.00', '2021-01-23 12:49:06'),
(280, 47, '1.00', '85315.00', '2021-01-18 00:26:43'),
(281, 47, '1.00', '19814.00', '2021-01-20 14:13:48'),
(282, 13, '1.00', '76110.00', '2021-01-11 22:02:04'),
(283, 17, '1.00', '23982.00', '2021-01-14 21:02:59'),
(284, 42, '5.00', '36787.00', '2021-01-21 15:47:43'),
(285, 31, '3.00', '28516.00', '2021-01-27 20:32:52'),
(286, 43, '1.00', '8261.00', '2021-01-15 17:27:42'),
(287, 46, '1.00', '73444.00', '2021-01-17 20:08:11'),
(288, 46, '1.00', '80396.00', '2021-01-07 16:33:41'),
(289, 25, '2.00', '72237.00', '2021-01-14 06:11:48'),
(290, 39, '2.00', '46161.00', '2021-01-21 12:50:04'),
(291, 23, '5.00', '35050.00', '2021-01-02 12:10:40'),
(292, 21, '6.00', '14340.00', '2021-01-13 21:14:56'),
(293, 2, '3.00', '58364.00', '2021-01-09 09:53:34'),
(294, 37, '2.00', '56275.00', '2021-01-01 00:30:52'),
(295, 48, '1.00', '62088.00', '2021-01-07 18:24:29'),
(296, 34, '4.00', '40802.00', '2021-01-01 03:04:11'),
(297, 1, '2.00', '28992.00', '2021-01-03 03:56:19'),
(298, 40, '1.00', '1899.00', '2021-01-22 10:28:21'),
(299, 5, '2.00', '51480.00', '2021-01-01 09:12:53'),
(300, 45, '2.00', '51796.00', '2021-01-15 21:28:41'),
(301, 34, '1.00', '20601.00', '2021-01-13 19:35:07'),
(302, 30, '2.00', '48871.00', '2021-01-18 19:02:29'),
(303, 19, '1.00', '9260.00', '2021-01-08 02:12:34'),
(304, 41, '2.00', '99622.00', '2021-01-06 10:32:57'),
(305, 14, '1.00', '70464.00', '2021-01-09 16:41:03'),
(306, 40, '2.00', '16104.00', '2021-01-01 01:57:50'),
(307, 18, '2.00', '87349.00', '2021-01-24 19:53:22'),
(308, 35, '4.00', '14438.00', '2021-01-22 07:48:29'),
(309, 31, '2.00', '14375.00', '2021-01-15 14:48:28'),
(310, 27, '6.00', '63165.00', '2021-01-04 07:58:34'),
(311, 12, '1.00', '17586.00', '2021-01-06 17:00:36'),
(312, 39, '1.00', '37153.00', '2021-01-08 13:37:21'),
(313, 3, '1.00', '43061.00', '2021-01-01 22:12:32'),
(314, 18, '1.00', '95353.00', '2021-01-01 14:59:55'),
(315, 22, '2.00', '57906.00', '2021-01-01 04:47:30'),
(316, 42, '1.00', '47758.00', '2021-01-02 05:43:06'),
(317, 10, '4.00', '3784.00', '2021-01-18 19:01:56'),
(318, 14, '1.00', '49712.00', '2021-01-13 07:12:58'),
(319, 32, '5.00', '74547.00', '2021-01-12 15:11:00'),
(320, 18, '1.00', '98985.00', '2021-01-02 17:43:18'),
(321, 11, '1.00', '13808.00', '2021-01-24 06:35:00'),
(322, 5, '1.00', '54991.00', '2021-01-16 04:46:27'),
(323, 46, '3.00', '49753.00', '2021-01-01 19:33:24'),
(324, 28, '1.00', '8642.00', '2021-01-18 19:49:45'),
(325, 2, '1.00', '54078.00', '2021-01-08 12:15:36'),
(326, 48, '2.00', '27665.00', '2021-01-02 09:42:57'),
(327, 37, '3.00', '26874.00', '2021-01-15 23:20:57'),
(328, 33, '2.00', '65964.00', '2021-01-05 19:07:17'),
(329, 24, '3.00', '49127.00', '2021-01-20 14:10:06'),
(330, 31, '2.00', '16933.00', '2021-01-04 20:05:51'),
(331, 19, '1.00', '30057.00', '2021-01-24 08:33:39'),
(332, 31, '2.00', '93728.00', '2021-01-23 14:58:34'),
(333, 33, '1.00', '20932.00', '2018-12-31 23:43:41'),
(334, 14, '2.00', '33604.00', '2021-01-24 18:39:21'),
(335, 46, '2.00', '8453.00', '2021-01-08 23:07:59'),
(336, 10, '1.00', '91066.00', '2021-01-01 12:52:27'),
(337, 3, '2.00', '85195.00', '2021-01-07 19:34:24'),
(338, 5, '3.00', '99117.00', '2021-01-04 13:07:55'),
(339, 44, '8.00', '30865.00', '2021-01-29 23:26:08'),
(340, 48, '3.00', '53906.00', '2021-01-08 04:28:36'),
(341, 35, '1.00', '16329.00', '2021-01-12 01:55:19'),
(342, 28, '2.00', '78698.00', '2021-01-28 12:32:57'),
(343, 40, '1.00', '44202.00', '2021-01-21 04:54:42'),
(344, 33, '2.00', '45033.00', '2021-01-18 10:52:18'),
(345, 25, '1.00', '52731.00', '2021-01-27 02:17:55'),
(346, 9, '1.00', '42898.00', '2021-01-20 19:59:25'),
(347, 48, '1.00', '14356.00', '2021-01-01 11:07:28'),
(348, 29, '1.00', '61282.00', '2021-01-26 12:20:15'),
(349, 26, '2.00', '71969.00', '2021-01-07 18:55:06'),
(350, 34, '2.00', '3275.00', '2021-01-11 11:45:21'),
(351, 25, '2.00', '60759.00', '2021-01-20 20:20:19'),
(352, 46, '1.00', '11111.00', '2021-01-04 21:31:18'),
(353, 31, '1.00', '89077.00', '2021-01-25 04:02:24'),
(354, 26, '1.00', '47192.00', '2021-01-16 09:25:59'),
(355, 11, '3.00', '79666.00', '2021-01-21 12:39:27'),
(356, 47, '1.00', '282.00', '2021-01-25 12:22:09'),
(357, 43, '1.00', '24682.00', '2021-01-05 13:59:31'),
(358, 29, '3.00', '79779.00', '2021-01-16 09:53:52'),
(359, 16, '1.00', '15832.00', '2021-01-02 04:39:28'),
(360, 6, '9.00', '69536.00', '2021-01-30 14:53:23'),
(361, 25, '2.00', '67002.00', '2021-01-18 22:51:44'),
(362, 13, '1.00', '82414.00', '2021-01-14 07:52:26'),
(363, 4, '4.00', '50710.00', '2021-01-04 05:14:12'),
(364, 40, '1.00', '76630.00', '2021-01-16 12:40:51'),
(365, 16, '1.00', '47034.00', '2021-01-12 10:51:41'),
(366, 15, '1.00', '24449.00', '2021-01-07 14:46:39'),
(367, 42, '1.00', '51878.00', '2021-01-11 09:55:19'),
(368, 27, '3.00', '85664.00', '2021-01-22 10:55:25'),
(369, 10, '1.00', '97078.00', '2021-01-22 21:47:08'),
(371, 30, '1.00', '28474.00', '2021-01-25 00:26:10'),
(372, 3, '1.00', '19302.00', '2021-01-16 22:27:57'),
(373, 22, '1.00', '51090.00', '2021-01-29 06:48:04'),
(374, 48, '5.00', '60021.00', '2021-01-30 06:26:43'),
(376, 32, '1.00', '19887.00', '2021-01-02 02:19:59'),
(377, 23, '1.00', '35668.00', '2021-01-07 11:40:38'),
(378, 16, '1.00', '78526.00', '2021-01-06 06:56:36'),
(379, 38, '1.00', '61953.00', '2021-01-15 03:48:28'),
(380, 40, '2.00', '70031.00', '2021-01-27 03:58:34'),
(381, 12, '1.00', '8838.00', '2021-01-05 18:09:19'),
(382, 25, '1.00', '85575.00', '2021-01-11 17:20:10'),
(383, 12, '1.00', '10232.00', '2021-01-27 18:51:12'),
(384, 2, '1.00', '31162.00', '2021-01-28 16:08:35'),
(385, 4, '1.00', '88769.00', '2021-01-08 05:09:19'),
(386, 43, '1.00', '26376.00', '2021-01-02 16:38:58'),
(387, 24, '1.00', '6454.00', '2021-01-10 04:36:59'),
(389, 43, '1.00', '86543.00', '2021-01-07 17:28:17'),
(390, 2, '1.00', '89349.00', '2021-01-07 08:53:20'),
(391, 23, '1.00', '77073.00', '2021-01-01 10:01:51'),
(392, 15, '1.00', '6771.00', '2021-01-22 17:05:52'),
(393, 45, '1.00', '68606.00', '2021-01-08 22:19:34'),
(394, 36, '1.00', '14828.00', '2021-01-28 14:49:25'),
(395, 29, '1.00', '3924.00', '2021-01-01 15:30:44'),
(396, 20, '2.00', '33389.00', '2021-01-27 06:20:44'),
(397, 46, '1.00', '71612.00', '2021-01-05 18:54:56'),
(398, 46, '1.00', '47366.00', '2021-01-16 19:47:14'),
(400, 20, '4.00', '38598.00', '2021-01-03 18:14:49'),
(401, 47, '1.00', '6018.00', '2021-01-02 04:42:23'),
(402, 5, '2.00', '73091.00', '2021-01-17 02:22:12'),
(403, 36, '2.00', '17442.00', '2021-01-07 22:36:41'),
(404, 45, '2.00', '26405.00', '2021-01-09 19:30:19'),
(406, 12, '1.00', '97387.00', '2021-01-21 00:45:49'),
(407, 38, '1.00', '22477.00', '2021-01-03 19:04:36'),
(408, 12, '1.00', '95594.00', '2021-01-18 11:54:53'),
(410, 23, '1.00', '44235.00', '2021-01-23 21:36:43'),
(411, 2, '1.00', '37146.00', '2021-01-20 11:48:15'),
(412, 13, '1.00', '45570.00', '2021-01-22 05:15:33'),
(413, 12, '1.00', '26546.00', '2021-01-04 07:56:57'),
(414, 9, '1.00', '74890.00', '2021-01-19 03:35:01'),
(415, 40, '2.00', '59434.00', '2021-01-05 19:54:49'),
(416, 29, '1.00', '37794.00', '2021-01-07 01:57:05'),
(417, 9, '2.00', '16301.00', '2021-01-02 04:47:07'),
(418, 29, '1.00', '59147.00', '2021-01-06 02:48:28'),
(419, 14, '1.00', '9787.00', '2021-01-12 05:27:03'),
(421, 16, '1.00', '1402.00', '2021-01-23 06:29:53'),
(423, 44, '1.00', '7536.00', '2021-01-01 07:31:31'),
(424, 18, '1.00', '92428.00', '2021-01-03 06:10:09'),
(426, 10, '2.00', '88060.00', '2021-01-11 00:41:05'),
(428, 2, '1.00', '71608.00', '2021-01-13 08:33:33'),
(429, 41, '1.00', '42526.00', '2021-01-08 03:56:58'),
(430, 14, '1.00', '61840.00', '2021-01-29 07:49:43'),
(431, 26, '2.00', '53337.00', '2021-01-17 05:05:00'),
(432, 45, '3.00', '26843.00', '2021-01-01 03:52:40'),
(433, 13, '1.00', '72669.00', '2021-01-04 00:10:20'),
(435, 35, '2.00', '65401.00', '2021-01-28 17:02:37'),
(436, 9, '1.00', '77957.00', '2021-01-10 10:34:17'),
(437, 10, '1.00', '31942.00', '2021-01-08 22:36:01'),
(438, 19, '2.00', '63816.00', '2021-01-04 10:46:47'),
(440, 29, '1.00', '74133.00', '2021-01-05 17:45:55'),
(441, 18, '2.00', '18170.00', '2021-01-14 02:00:51'),
(442, 33, '1.00', '28534.00', '2021-01-17 14:38:17'),
(443, 17, '1.00', '47960.00', '2021-01-13 05:38:43'),
(444, 22, '1.00', '70097.00', '2021-01-12 07:37:10'),
(445, 14, '1.00', '63264.00', '2021-01-10 20:49:57'),
(446, 29, '1.00', '80596.00', '2021-01-22 09:17:33'),
(447, 29, '1.00', '93082.00', '2021-01-19 10:00:19'),
(448, 47, '1.00', '37413.00', '2021-01-21 10:12:51'),
(449, 14, '2.00', '82477.00', '2021-01-01 05:41:33'),
(450, 31, '1.00', '61399.00', '2021-01-14 18:24:20'),
(451, 41, '1.00', '95678.00', '2021-01-17 08:59:13'),
(452, 29, '1.00', '85606.00', '2021-01-02 15:37:52'),
(453, 12, '1.00', '69997.00', '2021-01-03 19:57:35'),
(455, 10, '1.00', '76019.00', '2021-01-24 14:58:48'),
(456, 44, '2.00', '10109.00', '2021-01-02 16:25:52'),
(457, 29, '2.00', '68313.00', '2021-01-20 00:17:43'),
(458, 19, '1.00', '65153.00', '2021-01-28 20:46:07'),
(460, 36, '1.00', '85857.00', '2021-01-10 02:49:34'),
(461, 39, '1.00', '63584.00', '2021-01-14 22:12:15'),
(463, 39, '1.00', '13994.00', '2021-01-06 00:00:06'),
(464, 47, '2.00', '12920.00', '2021-01-10 02:19:33'),
(465, 29, '1.00', '95715.00', '2021-01-28 19:51:46'),
(466, 13, '1.00', '94017.00', '2021-01-28 17:24:56'),
(467, 13, '1.00', '20819.00', '2021-01-27 17:52:28'),
(468, 42, '1.00', '72718.00', '2021-01-27 11:40:52'),
(469, 36, '1.00', '85270.00', '2021-01-29 09:19:08'),
(470, 25, '1.00', '67917.00', '2021-01-02 07:42:24'),
(471, 21, '2.00', '76308.00', '2021-01-04 11:12:09'),
(473, 44, '1.00', '13549.00', '2021-01-13 01:26:45'),
(475, 43, '1.00', '71626.00', '2021-01-01 14:03:20'),
(476, 7, '1.00', '60818.00', '2021-01-22 04:02:58'),
(479, 14, '1.00', '59272.00', '2021-01-15 18:16:33'),
(480, 36, '1.00', '60504.00', '2021-01-27 20:52:17'),
(481, 34, '1.00', '83684.00', '2021-01-24 11:46:01'),
(482, 15, '2.00', '50663.00', '2021-01-17 15:20:26'),
(483, 31, '1.00', '25485.00', '2021-01-01 12:43:00'),
(484, 34, '1.00', '52099.00', '2021-01-26 03:36:26'),
(485, 3, '1.00', '73014.00', '2021-01-02 11:27:26'),
(486, 24, '1.00', '74553.00', '2021-01-23 19:30:28'),
(488, 10, '1.00', '6381.00', '2021-01-23 00:48:35'),
(489, 5, '1.00', '3177.00', '2021-01-03 12:52:23'),
(492, 23, '1.00', '35969.00', '2021-01-18 02:20:54'),
(493, 46, '1.00', '4039.00', '2021-01-18 21:24:25'),
(494, 42, '1.00', '4792.00', '2021-01-01 15:59:54'),
(496, 12, '2.00', '47099.00', '2021-01-25 10:31:23'),
(497, 32, '1.00', '82982.00', '2021-01-16 23:23:43'),
(498, 11, '1.00', '98037.00', '2021-01-25 03:26:45'),
(502, 14, '1.00', '66684.00', '2021-01-07 16:40:56'),
(504, 49, '1.00', '80144.00', '2021-01-12 06:00:38'),
(505, 39, '1.00', '34031.00', '2021-01-13 03:11:51'),
(506, 27, '1.00', '69548.00', '2021-01-25 01:19:25'),
(508, 14, '1.00', '43379.00', '2021-01-16 14:28:25'),
(509, 26, '1.00', '187.00', '2021-01-22 00:56:17'),
(510, 28, '1.00', '78056.00', '2021-01-05 07:40:24'),
(511, 37, '1.00', '45023.00', '2021-01-05 02:57:23'),
(514, 22, '1.00', '65308.00', '2021-01-11 15:10:49'),
(517, 20, '1.00', '21844.00', '2021-01-17 02:56:34'),
(519, 8, '2.00', '62221.00', '2021-01-21 18:10:06'),
(522, 13, '1.00', '42032.00', '2021-01-29 22:44:13'),
(523, 7, '1.00', '69166.00', '2021-01-03 06:45:26'),
(524, 6, '1.00', '98828.00', '2021-01-26 23:10:10'),
(526, 48, '1.00', '14929.00', '2021-01-06 18:49:24'),
(527, 47, '2.00', '8373.00', '2021-01-23 15:32:20'),
(530, 30, '1.00', '31089.00', '2021-01-17 17:04:32'),
(531, 39, '1.00', '32864.00', '2021-01-07 21:24:56'),
(532, 34, '1.00', '26784.00', '2021-01-16 18:13:10'),
(535, 3, '1.00', '65968.00', '2021-01-24 04:14:55'),
(538, 43, '1.00', '36375.00', '2021-01-16 08:46:46'),
(540, 47, '1.00', '91565.00', '2021-01-17 07:36:01'),
(541, 14, '1.00', '12782.00', '2021-01-08 10:02:29'),
(542, 15, '1.00', '44560.00', '2021-01-01 00:58:49'),
(545, 38, '1.00', '63868.00', '2021-01-06 16:32:47'),
(546, 2, '1.00', '6482.00', '2021-01-19 02:42:28'),
(547, 37, '1.00', '98513.00', '2021-01-19 15:20:41'),
(548, 21, '1.00', '13583.00', '2021-01-28 16:21:07'),
(550, 39, '1.00', '78178.00', '2021-01-01 19:38:40'),
(551, 13, '1.00', '72797.00', '2021-01-12 07:57:59'),
(552, 17, '1.00', '4644.00', '2021-01-23 07:00:31'),
(554, 1, '1.00', '40651.00', '2021-01-06 02:04:18'),
(556, 12, '1.00', '48845.00', '2021-01-01 22:36:04'),
(563, 49, '1.00', '98470.00', '2021-01-22 15:02:41'),
(566, 13, '2.00', '5496.00', '2021-01-15 04:44:40'),
(567, 25, '1.00', '54670.00', '2021-01-26 22:42:52'),
(568, 16, '1.00', '21928.00', '2021-01-05 02:28:43'),
(570, 8, '1.00', '68237.00', '2021-01-12 15:45:26'),
(574, 15, '1.00', '58195.00', '2021-01-08 20:59:49'),
(575, 44, '1.00', '51219.00', '2021-01-04 21:08:46'),
(578, 9, '1.00', '39884.00', '2021-01-01 22:41:31'),
(580, 43, '1.00', '51168.00', '2021-01-27 05:58:21'),
(582, 18, '1.00', '37527.00', '2021-01-23 13:42:36'),
(584, 12, '1.00', '45301.00', '2021-01-17 10:12:17'),
(586, 30, '1.00', '94974.00', '2021-01-01 02:56:54'),
(588, 9, '1.00', '60602.00', '2021-01-14 00:58:08'),
(590, 1, '1.00', '88428.00', '2021-01-02 06:16:15'),
(592, 11, '1.00', '81326.00', '2021-01-20 01:50:08'),
(597, 21, '1.00', '41077.00', '2021-01-19 02:57:25'),
(599, 1, '1.00', '31387.00', '2021-01-14 02:26:03'),
(600, 40, '1.00', '83779.00', '2021-01-29 15:09:39'),
(602, 33, '1.00', '18959.00', '2021-01-28 09:36:17'),
(605, 14, '1.00', '39088.00', '2021-01-14 22:54:11'),
(607, 45, '1.00', '27372.00', '2021-01-17 06:14:09'),
(611, 19, '1.00', '4649.00', '2021-01-02 14:02:19'),
(616, 22, '1.00', '92395.00', '2021-01-28 13:42:13'),
(621, 37, '1.00', '56479.00', '2021-01-15 13:20:17'),
(624, 36, '2.00', '97169.00', '2021-01-17 11:42:42'),
(625, 4, '1.00', '84420.00', '2021-01-12 09:55:52'),
(627, 2, '1.00', '5719.00', '2021-01-01 01:56:45'),
(628, 37, '1.00', '80054.00', '2021-01-28 15:48:37'),
(632, 10, '1.00', '60802.00', '2021-01-29 17:02:44'),
(636, 24, '1.00', '12258.00', '2021-01-28 12:49:05'),
(637, 47, '1.00', '82877.00', '2021-01-16 18:07:05'),
(638, 3, '1.00', '8969.00', '2021-01-23 19:38:29'),
(639, 47, '1.00', '93441.00', '2021-01-19 04:46:45'),
(640, 46, '1.00', '61550.00', '2021-01-06 08:30:43'),
(643, 32, '1.00', '73589.00', '2021-01-03 19:13:20'),
(646, 15, '2.00', '11458.00', '2021-01-05 02:13:45'),
(655, 34, '1.00', '46608.00', '2021-01-27 15:18:52'),
(656, 43, '1.00', '60702.00', '2021-01-16 23:47:20'),
(657, 27, '1.00', '38469.00', '2021-01-27 06:36:47'),
(658, 31, '1.00', '30721.00', '2021-01-19 20:58:54'),
(659, 16, '1.00', '67337.00', '2021-01-09 08:03:19'),
(661, 8, '1.00', '85689.00', '2021-01-01 18:58:03'),
(662, 42, '1.00', '4137.00', '2021-01-20 14:46:04'),
(666, 13, '1.00', '20787.00', '2021-01-13 18:55:53'),
(668, 14, '1.00', '96338.00', '2021-01-18 19:16:45'),
(682, 13, '1.00', '76.00', '2021-01-18 00:50:46'),
(687, 49, '1.00', '70436.00', '2021-01-01 02:53:20'),
(688, 32, '1.00', '38740.00', '2021-01-26 23:39:17'),
(691, 25, '1.00', '64194.00', '2021-01-28 02:21:18'),
(692, 44, '1.00', '70755.00', '2021-01-19 15:19:24'),
(694, 24, '1.00', '35239.00', '2021-01-18 16:15:47'),
(698, 11, '1.00', '97155.00', '2021-01-06 16:38:10'),
(700, 4, '1.00', '9391.00', '2021-01-20 12:49:45'),
(704, 21, '1.00', '5628.00', '2021-01-03 14:45:28'),
(707, 31, '1.00', '87296.00', '2021-01-26 05:06:31'),
(708, 23, '1.00', '18888.00', '2021-01-17 10:55:40'),
(709, 5, '1.00', '3214.00', '2021-01-15 13:42:03'),
(710, 13, '1.00', '20111.00', '2021-01-01 16:25:22'),
(711, 9, '1.00', '14474.00', '2021-01-18 06:41:57'),
(712, 14, '1.00', '15865.00', '2021-01-23 01:35:57'),
(732, 32, '1.00', '62515.00', '2021-01-01 02:50:37'),
(737, 28, '1.00', '62826.00', '2021-01-04 14:19:31'),
(738, 48, '1.00', '73250.00', '2021-01-11 05:36:00'),
(739, 25, '1.00', '26025.00', '2021-01-01 20:47:10'),
(752, 39, '1.00', '60982.00', '2021-01-09 02:17:03'),
(756, 19, '1.00', '66388.00', '2021-01-01 11:55:06'),
(757, 11, '1.00', '2464.00', '2021-01-27 08:36:07'),
(763, 36, '1.00', '8375.00', '2021-01-09 11:58:02'),
(766, 6, '1.00', '52250.00', '2021-01-24 09:56:05'),
(769, 3, '1.00', '44934.00', '2021-01-08 23:42:42'),
(774, 26, '1.00', '58690.00', '2021-01-06 09:02:55'),
(777, 2, '1.00', '24856.00', '2021-01-04 16:11:59'),
(781, 46, '1.00', '30848.00', '2021-01-15 03:18:10'),
(782, 33, '1.00', '6625.00', '2021-01-07 14:49:20'),
(783, 23, '1.00', '87412.00', '2021-01-28 18:57:32'),
(790, 40, '1.00', '7988.00', '2021-01-23 03:24:53'),
(793, 16, '1.00', '80355.00', '2021-01-21 17:41:47'),
(801, 19, '1.00', '58940.00', '2021-01-23 09:17:10'),
(811, 48, '1.00', '92125.00', '2021-01-04 07:49:15'),
(813, 37, '1.00', '37025.00', '2021-01-12 09:56:36'),
(824, 2, '1.00', '94835.00', '2021-01-12 06:54:10'),
(849, 17, '1.00', '10352.00', '2021-01-01 02:02:18'),
(850, 46, '1.00', '20520.00', '2021-01-11 19:38:25'),
(862, 16, '1.00', '34188.00', '2021-01-22 14:58:31'),
(868, 39, '1.00', '55430.00', '2021-01-02 20:31:41'),
(879, 26, '1.00', '58158.00', '2021-01-28 09:13:45'),
(883, 16, '1.00', '50727.00', '2021-01-01 22:45:39'),
(889, 38, '1.00', '28811.00', '2021-01-07 02:38:56'),
(891, 2, '1.00', '47172.00', '2021-01-27 13:10:15'),
(924, 16, '1.00', '18714.00', '2021-01-11 16:55:30'),
(955, 28, '1.00', '2756.00', '2021-01-19 11:13:43'),
(962, 47, '1.00', '38280.00', '2021-01-15 10:35:10'),
(976, 24, '1.00', '83197.00', '2021-01-17 22:18:02'),
(1013, 3, '1.00', '25893.00', '2021-01-06 05:00:40'),
(1137, 7, '1.00', '66787.00', '2021-01-21 09:43:22'),
(1167, 47, '1.00', '47776.00', '2021-01-01 22:19:51'),
(1322, 7, '1.00', '37561.00', '2021-01-11 08:33:47'),
(1771, 10, '1.00', '11004.00', '2021-01-17 19:02:57');

-- --------------------------------------------------------

--
-- Tábla szerkezet ehhez a táblához `kategoriak`
--

CREATE TABLE `kategoriak` (
  `id` int(11) NOT NULL,
  `nev` varchar(255) COLLATE utf8_hungarian_ci DEFAULT NULL
) ENGINE=InnoDB DEFAULT CHARSET=utf8 COLLATE=utf8_hungarian_ci;

--
-- A tábla adatainak kiíratása `kategoriak`
--

INSERT INTO `kategoriak` (`id`, `nev`) VALUES
(1, 'Antik'),
(2, 'Limuzin'),
(3, 'Különleges'),
(4, 'Sport'),
(5, 'Szocialista'),
(6, 'Motorkerékpár');

--
-- Indexek a kiírt táblákhoz
--

--
-- A tábla indexei `autok`
--
ALTER TABLE `autok`
  ADD PRIMARY KEY (`id`),
  ADD KEY `kategoriaId` (`kategoriaId`);

--
-- A tábla indexei `berlesek`
--
ALTER TABLE `berlesek`
  ADD PRIMARY KEY (`id`),
  ADD KEY `autoId` (`autoId`);

--
-- A tábla indexei `kategoriak`
--
ALTER TABLE `kategoriak`
  ADD PRIMARY KEY (`id`);

--
-- Megkötések a kiírt táblákhoz
--

--
-- Megkötések a táblához `autok`
--
ALTER TABLE `autok`
  ADD CONSTRAINT `autok_ibfk_1` FOREIGN KEY (`kategoriaId`) REFERENCES `kategoriak` (`id`);

--
-- Megkötések a táblához `berlesek`
--
ALTER TABLE `berlesek`
  ADD CONSTRAINT `berlesek_ibfk_1` FOREIGN KEY (`autoId`) REFERENCES `autok` (`id`);
COMMIT;

/*!40101 SET CHARACTER_SET_CLIENT=@OLD_CHARACTER_SET_CLIENT */;
/*!40101 SET CHARACTER_SET_RESULTS=@OLD_CHARACTER_SET_RESULTS */;
/*!40101 SET COLLATION_CONNECTION=@OLD_COLLATION_CONNECTION */;
